listing_ID,status_Text,Address,Bedrooms,Bathrooms,Lat,Long,LivingArea,HomeType,BrokerName,BrokerPhone,Detail_URL,Image,Price
2124569742,House for sale,"3668 Route 20, Nassau, NY 12123",5,2.0,42.521591,-73.63221,4600,SINGLE_FAMILY,Listing by: Foundation First Realty Group,518-892-3926,https://www.zillow.com/homedetails/3668-Route-20-Nassau-NY-12123/2124569742_zpid/,https://photos.zillowstatic.com/fp/a4dacb7e86f4f719759d4552acd05f1a-p_e.jpg,"$569,950"
114158552,Condo for sale,"303 E 57th St APT 6D, New York, NY 10022",2,2.0,40.759367,-73.96505,1400,CONDO,Listing by: Corcoran,347-885-3535,https://www.zillow.com/homedetails/303-E-57th-St-APT-6D-New-York-NY-10022/114158552_zpid/,https://photos.zillowstatic.com/fp/c7f2598d6b28b91c11cf80a3a4da5460-p_e.jpg,"$375,000"
30323524,House for sale,"21 Maple St, Angola, NY 14006",3,1.0,42.641697,-79.026321,1188,SINGLE_FAMILY,Listing by: Keller WilliamsRealtyLancaster,716-324-2300,https://www.zillow.com/homedetails/21-Maple-St-Angola-NY-14006/30323524_zpid/,https://photos.zillowstatic.com/fp/0d5e542289f10c70d0dff581c1c316d3-p_e.jpg,"$124,900"
32507427,House for sale,"4755 E Bates Rd, Trumansburg, NY 14886",3,2.0,42.562099,-76.651665,1494,SINGLE_FAMILY,Listing by: Warren Real Estate Downtown Of,607-277-2660,https://www.zillow.com/homedetails/4755-E-Bates-Rd-Trumansburg-NY-14886/32507427_zpid/,https://photos.zillowstatic.com/fp/b555835dbaa30baf9852710b59007c25-p_e.jpg,"$219,000"
32257059,House for sale,"51 Maxon Rd, Petersburgh, NY 12138",4,3.0,42.742141,-73.342651,2287,SINGLE_FAMILY,Listing by: Venture Realty Partners,518-833-6636,https://www.zillow.com/homedetails/51-Maxon-Rd-Petersburgh-NY-12138/32257059_zpid/,https://photos.zillowstatic.com/fp/978b72c5b39605260b61f5694d60d291-p_e.jpg,"$240,000"
32524756,House for sale,"177 Amelia Ln, Middleburgh, NY 12122",4,3.0,42.611785,-74.329575,3000,SINGLE_FAMILY,"Listing by: Rose Royal Real Estate, LLC",518-986-2361,https://www.zillow.com/homedetails/177-Amelia-Ln-Middleburgh-NY-12122/32524756_zpid/,https://photos.zillowstatic.com/fp/de49386f66c910ff8ce697e13374fae1-p_e.jpg,"$189,000"
30113944,House for sale,"399 Noxon Rd, Poughkeepsie, NY 12603",3,3.0,41.65557,-73.846168,2256,SINGLE_FAMILY,Listing by: Greenan Properties,845-447-2525,https://www.zillow.com/homedetails/399-Noxon-Rd-Poughkeepsie-NY-12603/30113944_zpid/,https://photos.zillowstatic.com/fp/c50ca4977401f84d33916ae9189b4797-p_e.jpg,"$399,922"
2078079062,Condo for sale,"100 W 57th St APT 5R, New York, NY 10019",1,1.0,40.764099,-73.977798,900,CONDO,Listing by: Pergolotti Realty,917-415-6609,https://www.zillow.com/homedetails/100-W-57th-St-APT-5R-New-York-NY-10019/2078079062_zpid/,https://photos.zillowstatic.com/fp/5f3b6091f47a36edac88ad461d7b5518-p_e.jpg,"$169,000"
97536752,Condo for sale,"462 W 58th St APT 3D, New York, NY 10019",2,2.0,40.769226,-73.987076,1189,CONDO,Listing by: Keller Williams NYC,N/A,https://www.zillow.com/homedetails/462-W-58th-St-APT-3D-New-York-NY-10019/97536752_zpid/,https://photos.zillowstatic.com/fp/8be77a7110397466a246970f543881f2-p_e.jpg,"$5,500"
32442165,House for sale,"3299 Shaw Hill Rd, Rock City Falls, NY 12863",4,3.0,43.070086,-73.941931,3851,SINGLE_FAMILY,Listing by: LiftWithFreedom.com,N/A,https://www.zillow.com/homedetails/3299-Shaw-Hill-Rd-Rock-City-Falls-NY-12863/32442165_zpid/,https://photos.zillowstatic.com/fp/26636e16293068ae2c00a8cbc3d843f0-p_e.jpg,"$385,000"
216018654,House for sale,"393 Eagleville Rd, Shushan, NY 12873",4,2.0,43.094852,-73.319829,2220,SINGLE_FAMILY,Listing by: Keller Williams Capital Dist,518-693-1080,https://www.zillow.com/homedetails/393-Eagleville-Rd-Shushan-NY-12873/216018654_zpid/,https://photos.zillowstatic.com/fp/3757e8610463f4e806ee30704389aede-p_e.jpg,"$264,900"
31886051,House for sale,"59 Gannett Rd, Farmington, NY 14425",4,2.0,42.977394,-77.35133,1624,SINGLE_FAMILY,Listing by: Keller Williams Realty Greater Rochester,585-362-8900,https://www.zillow.com/homedetails/59-Gannett-Rd-Farmington-NY-14425/31886051_zpid/,https://photos.zillowstatic.com/fp/39b50bafba0c3d65a727e797294d4c4d-p_e.jpg,"$189,900"
2070785477,House for sale,"20 Old North Rd, Cleveland, NY 13042",2,2.0,43.248766,-75.873468,1278,SINGLE_FAMILY,"Listing by: Scripa Group, LLC",315-452-1200,https://www.zillow.com/homedetails/20-Old-North-Rd-Cleveland-NY-13042/2070785477_zpid/,https://photos.zillowstatic.com/fp/d23cd731bb1b842dbe8f2926525b6472-p_e.jpg,"$119,000"
98039577,House for sale,"82 Kennedy Ct, Lancaster, NY 14086",4,3.0,42.922946,-78.67801,2362,SINGLE_FAMILY,Listing by: Hunt Real Estate ERA,716-652-1234,https://www.zillow.com/homedetails/82-Kennedy-Ct-Lancaster-NY-14086/98039577_zpid/,https://photos.zillowstatic.com/fp/735671b07b60c8a26a6bd5410cff5eb4-p_e.jpg,"$299,900"
30077856,House for sale,"1046 Beers Brook Rd, Walton, NY 13856",4,2.0,42.123171,-75.144425,2000,SINGLE_FAMILY,"Listing by: Bordinger Realty, LLC",N/A,https://www.zillow.com/homedetails/1046-Beers-Brook-Rd-Walton-NY-13856/30077856_zpid/,https://photos.zillowstatic.com/fp/70ae61eee7ed419b4cf029861a9d8eec-p_e.jpg,"$174,900"
30967368,House for sale,"1751 Erie Station Rd, Henrietta, NY 14467",3,3.0,43.039374,-77.617341,1738,SINGLE_FAMILY,Listing by: RE/MAX Plus,585-279-8200,https://www.zillow.com/homedetails/1751-Erie-Station-Rd-Henrietta-NY-14467/30967368_zpid/,https://photos.zillowstatic.com/fp/aaabb79a35b3e9ffc15423ce2c93d4a6-p_e.jpg,"$175,000"
32252633,House for sale,"32 Lake Shore Circle Dr, Nassau, NY 12123",4,2.0,42.537855,-73.600127,1060,SINGLE_FAMILY,Listing by: Miranda Real Estate Group Inc,518-356-1701,https://www.zillow.com/homedetails/32-Lake-Shore-Circle-Dr-Nassau-NY-12123/32252633_zpid/,https://photos.zillowstatic.com/fp/7cb4e3a6f6557b64c188cd21cf4b0844-p_e.jpg,"$90,000"
30965494,House for sale,"199 Erie Station Rd, West Henrietta, NY 14586",4,3.0,43.03907,-77.687887,1728,SINGLE_FAMILY,Listing by: Keller Williams Realty Greater Rochester,585-362-8900,https://www.zillow.com/homedetails/199-Erie-Station-Rd-West-Henrietta-NY-14586/30965494_zpid/,https://photos.zillowstatic.com/fp/a73bf9f0af2801d4a009017fd929c34e-p_e.jpg,"$199,900"
32830280,House for sale,"104 E Main St, Trumansburg, NY 14886",3,2.0,42.539662,-76.655715,1464,SINGLE_FAMILY,Listing by: Warren Real Estate Downtown Of,607-277-2660,https://www.zillow.com/homedetails/104-E-Main-St-Trumansburg-NY-14886/32830280_zpid/,https://photos.zillowstatic.com/fp/3046633fe43c5d774f3af885ff7c8ec4-p_e.jpg,"$197,000"
29697098,House for sale,"281 Osborne Rd, Loudonville, NY 12211",3,1.0,42.707115,-73.769088,1600,SINGLE_FAMILY,Listing by: Hunt Real Estate ERA,518-380-3718,https://www.zillow.com/homedetails/281-Osborne-Rd-Loudonville-NY-12211/29697098_zpid/,https://photos.zillowstatic.com/fp/a8366c28f2392e1f3d764e8f52bf5024-p_e.jpg,"$199,700"
31739667,House for sale,"91 Oswego St, Baldwinsville, NY 13027",6,3.0,43.163552,-76.336439,2716,SINGLE_FAMILY,Listing by: 315 Realty Partners,315-303-3500,https://www.zillow.com/homedetails/91-Oswego-St-Baldwinsville-NY-13027/31739667_zpid/,https://photos.zillowstatic.com/fp/9f6e7b2e2c06bea5edfa992a45ff6979-p_e.jpg,"$299,900"
31791147,House for sale,"22 Oak Ln, Middletown, NY 10940",3,2.0,41.42335,-74.437564,1410,SINGLE_FAMILY,"Listing by: Curasi Realty, Inc.",N/A,https://www.zillow.com/homedetails/22-Oak-Ln-Middletown-NY-10940/31791147_zpid/,https://photos.zillowstatic.com/fp/c314b89b99d26979c6479e1c9895fa72-p_e.jpg,"$264,900"
2076710336,Condo for sale,"303 E 57th St APT 44G, New York, NY 10022",3,4.0,40.759498,-73.964599,3300,CONDO,Listing by: Bohemia Realty Group,212-663-6215 x116,https://www.zillow.com/homedetails/303-E-57th-St-APT-44G-New-York-NY-10022/2076710336_zpid/,https://photos.zillowstatic.com/fp/d74abdddaf3f333b469d62e3c05bf489-p_e.jpg,"$550,000"
59604713,House for sale,"45 Rosevale Ave, Ronkonkoma, NY 11779",4,3.0,40.818307,-73.120201,2059,SINGLE_FAMILY,Listing by: Douglas Elliman Real Estate,N/A,https://www.zillow.com/homedetails/45-Rosevale-Ave-Ronkonkoma-NY-11779/59604713_zpid/,https://photos.zillowstatic.com/fp/21f16cb5b55f39ae1cbb09740f8ec363-p_e.jpg,"$475,000"
30554628,House for sale,"204 N Main St, Black River, NY 13612",3,2.0,44.018143,-75.789476,2346,SINGLE_FAMILY,Listing by: All American Real Estate NNY LLC,315-681-6914,https://www.zillow.com/homedetails/204-N-Main-St-Black-River-NY-13612/30554628_zpid/,https://photos.zillowstatic.com/fp/daf1bcb0861a2d4e5e80384ee50858ff-p_e.jpg,"$249,900"
32632861,House for sale,"41 Peacock Ln, North Babylon, NY 11703",5,4.0,40.724093,-73.326055,3000,SINGLE_FAMILY,Listing by: Signature Premier Properties,N/A,https://www.zillow.com/homedetails/41-Peacock-Ln-North-Babylon-NY-11703/32632861_zpid/,https://photos.zillowstatic.com/fp/2d2150f74d6d5888dc5ca109e9010500-p_e.jpg,"$639,000"
30871048,House for sale,"55 Erion Cres, Rochester, NY 14607",4,2.0,43.159569,-77.590368,1680,SINGLE_FAMILY,Listing by: Keller Williams Realty Buffalo,716-832-3300,https://www.zillow.com/homedetails/55-Erion-Cres-Rochester-NY-14607/30871048_zpid/,https://photos.zillowstatic.com/fp/6248eab4b7a206ed8a14be8f30e23cae-p_e.jpg,"$200,000"
29920325,House for sale,"328 E Main St, Fredonia, NY 14063",4,3.0,42.447786,-79.315837,1848,SINGLE_FAMILY,Listing by: Howard Hanna Holt - Fredonia,716-673-1800,https://www.zillow.com/homedetails/328-E-Main-St-Fredonia-NY-14063/29920325_zpid/,https://photos.zillowstatic.com/fp/007b1e556ef2eae0cb72c209053a1152-p_e.jpg,"$184,900"
2087859291,House for sale,"11266 State Route 32, Greenville, NY 12083",4,2.0,42.41675,-74.021792,1914,SINGLE_FAMILY,Listing by: Coldwell Banker Prime Prop,518-966-4900,https://www.zillow.com/homedetails/11266-State-Route-32-Greenville-NY-12083/2087859291_zpid/,https://photos.zillowstatic.com/fp/358d26dc3581ce7f057786368e10e1d8-p_e.jpg,"$178,800"
2070790078,House for sale,"4620 Beaver Meadow Rd #SS, Vernon, NY 13476",3,3.0,43.086075,-75.479946,2472,SINGLE_FAMILY,Listing by: Hunt Real Estate ERA,315-363-5533,https://www.zillow.com/homedetails/4620-Beaver-Meadow-Rd-SS-Vernon-NY-13476/2070790078_zpid/,https://photos.zillowstatic.com/fp/04b29c50f8571a466255de6d281f3afd-p_e.jpg,"$239,000"
62618077,House for sale,"46 Dean St, Islandia, NY 11749",4,4.0,40.801211,-73.167851,2447,SINGLE_FAMILY,Listing by: Douglas Elliman Real Estate,N/A,https://www.zillow.com/homedetails/46-Dean-St-Islandia-NY-11749/62618077_zpid/,https://photos.zillowstatic.com/fp/41068268326443f81c86f2de950b4873-p_e.jpg,"$525,000"
119912033,Condo for sale,"303 E 57th St APT 32B, New York, NY 10022",2,3.0,40.759367,-73.96505,1800,CONDO,Listing by: Brown Harris Stevens,212-381-3372,https://www.zillow.com/homedetails/303-E-57th-St-APT-32B-New-York-NY-10022/119912033_zpid/,https://photos.zillowstatic.com/fp/1e71b46abea77c70303f76af0886cc30-p_e.jpg,"$420,000"
219598323,House for sale,"7162 W Main St, Lima, NY 14485",4,3.0,42.903012,-77.618934,1540,SINGLE_FAMILY,Listing by: RE/MAX Plus,585-279-8200,https://www.zillow.com/homedetails/7162-W-Main-St-Lima-NY-14485/219598323_zpid/,https://photos.zillowstatic.com/fp/7ce06cb4927ac0538002804f2fdcc26a-p_e.jpg,"$189,900"
31886035,House for sale,"1216 Hook Rd, Farmington, NY 14425",3,2.0,42.97619,-77.34915,1222,SINGLE_FAMILY,Listing by: RE/MAX Realty Group,585-248-0250,https://www.zillow.com/homedetails/1216-Hook-Rd-Farmington-NY-14425/31886035_zpid/,https://photos.zillowstatic.com/fp/a91cc581570c3a7cf302581beceabf64-p_e.jpg,"$170,000"
29665806,House for sale,"72 Remley Ln, Westerlo, NY 12193",2,1.0,42.578342,-74.072165,1222,SINGLE_FAMILY,Listing by: Howard Hanna,518-371-4500,https://www.zillow.com/homedetails/72-Remley-Ln-Westerlo-NY-12193/29665806_zpid/,https://photos.zillowstatic.com/fp/85b35670e9ceb51a6e79c2c15120d645-p_e.jpg,"$299,900"
119165172,House for sale,"2950 Algerine St, Stanley, NY 14561",3,2.0,42.888101,-77.146128,1754,SINGLE_FAMILY,Listing by: Century 21 Steve Davoli RE,315-789-4569,https://www.zillow.com/homedetails/2950-Algerine-St-Stanley-NY-14561/119165172_zpid/,https://photos.zillowstatic.com/fp/3adada944c5659e6204c0008ad4c1fae-p_e.jpg,"$149,900"
29887123,House for sale,"745 Washington Ave, Dunkirk, NY 14048",3,2.0,42.47582,-79.331789,1452,SINGLE_FAMILY,Listing by: Midtown Realty,716-672-2323,https://www.zillow.com/homedetails/745-Washington-Ave-Dunkirk-NY-14048/29887123_zpid/,https://photos.zillowstatic.com/fp/504cccd6e9661ce9bd0be30146245a43-p_e.jpg,"$94,900"
30977205,House for sale,"25 Aragon Ave, Rochester, NY 14622",3,2.0,43.221894,-77.550512,1300,SINGLE_FAMILY,Listing by: Geraci Realty,585-737-6129,https://www.zillow.com/homedetails/25-Aragon-Ave-Rochester-NY-14622/30977205_zpid/,https://photos.zillowstatic.com/fp/0cb9a7759a3b4bdfe03bd7d2a6217809-p_e.jpg,"$129,900"
66461432,House for sale,"6 Macintosh St, Ravena, NY 12143",4,2.0,42.46919,-73.868576,1800,SINGLE_FAMILY,Listing by: 518 Realty.Com Inc,518-456-6518,https://www.zillow.com/homedetails/6-Macintosh-St-Ravena-NY-12143/66461432_zpid/,https://photos.zillowstatic.com/fp/59727d41aad9406a18199352db90d271-p_e.jpg,"$239,000"
2070786291,House for sale,"4 Cherrywood Rdg, Holland, NY 14080",3,2.0,42.679,-78.568625,2285,SINGLE_FAMILY,Listing by: Trank Real Estate,716-655-1611,https://www.zillow.com/homedetails/4-Cherrywood-Rdg-Holland-NY-14080/2070786291_zpid/,https://photos.zillowstatic.com/fp/e5d1d27221ebef141676d7da034f39be-p_e.jpg,"$340,000"
237552891,House for sale,"18 Winding Brook Dr, Fairport, NY 14450",3,3.0,43.088665,-77.438555,1834,SINGLE_FAMILY,Listing by: Keller Williams Realty Greater Rochester,585-362-8900,https://www.zillow.com/homedetails/18-Winding-Brook-Dr-Fairport-NY-14450/237552891_zpid/,https://photos.zillowstatic.com/fp/44246f390f3513ecc880140d53977bbc-p_e.jpg,"$229,900"
32851106,House for sale,"866 Lattintown Rd, Marlborough, NY 12547",3,2.0,41.663261,-74.002048,2160,SINGLE_FAMILY,Listing by: Howard Hanna Rand Realty,N/A,https://www.zillow.com/homedetails/866-Lattintown-Rd-Marlborough-NY-12547/32851106_zpid/,https://photos.zillowstatic.com/fp/0688ea9de9ac8e82a8acf3676a1a1bce-p_e.jpg,"$319,900"
2070780229,House for sale,"8910 Route 414, Lodi, NY 14860",3,1.0,42.591923,-76.843778,1196,SINGLE_FAMILY,Listing by: Ken Benedict R.E. & Appraisals,607-387-3830,https://www.zillow.com/homedetails/8910-Route-414-Lodi-NY-14860/2070780229_zpid/,https://photos.zillowstatic.com/fp/6608e2f8c12192353886d128b25ff7ce-p_e.jpg,"$64,900"
2070834348,House for sale,"25 Terrace Dr, Fairport, NY 14450",4,3.0,43.099255,-77.46642,2090,SINGLE_FAMILY,Listing by: RE/MAX Plus,585-279-8200,https://www.zillow.com/homedetails/25-Terrace-Dr-Fairport-NY-14450/2070834348_zpid/,https://photos.zillowstatic.com/fp/647ffd1fa64d50a291117e0f2a23ab19-p_e.jpg,"$274,500"
33029695,House for sale,"19 Biltom Rd, White Plains, NY 10607",3,2.0,41.043791,-73.832673,1698,SINGLE_FAMILY,Listing by: Houlihan Lawrence Inc.,N/A,https://www.zillow.com/homedetails/19-Biltom-Rd-White-Plains-NY-10607/33029695_zpid/,https://photos.zillowstatic.com/fp/6df1bc178dcdacfc81271fcd647b4465-p_e.jpg,"$450,000"
31586435,House for sale,"8043 Benson Rd, Holland Patent, NY 13354",4,2.0,43.251212,-75.290241,3744,SINGLE_FAMILY,Listing by: HUNT REAL ESTATE ERA Oneida,315-363-5533,https://www.zillow.com/homedetails/8043-Benson-Rd-Holland-Patent-NY-13354/31586435_zpid/,https://photos.zillowstatic.com/fp/600f7553ebb9d1dc9272453a88a8a3e4-p_e.jpg,"$90,000"
30024504,House for sale,"3238 Gracie Rd, Cortland, NY 13045",3,2.0,42.564208,-76.247842,1196,SINGLE_FAMILY,Listing by: Hage Real Estate,607-753-6766,https://www.zillow.com/homedetails/3238-Gracie-Rd-Cortland-NY-13045/30024504_zpid/,https://photos.zillowstatic.com/fp/530119aa76f405e9e7813c499fc2f6ad-p_e.jpg,"$180,000"
29887038,House for sale,"728 Park Ave, Dunkirk, NY 14048",3,2.0,42.476954,-79.329443,1644,SINGLE_FAMILY,Listing by: Howard Hanna,716-648-7700,https://www.zillow.com/homedetails/728-Park-Ave-Dunkirk-NY-14048/29887038_zpid/,https://photos.zillowstatic.com/fp/6cc7a158ba08879feec38a9b964552fe-p_e.jpg,"$96,900"
30961349,House for sale,"150 Stone Rd, Pittsford, NY 14534",4,3.0,43.078499,-77.576491,2594,SINGLE_FAMILY,Listing by: Howard Hanna,585-334-1020,https://www.zillow.com/homedetails/150-Stone-Rd-Pittsford-NY-14534/30961349_zpid/,https://photos.zillowstatic.com/fp/d90be47187767a0817a0b3f1f81ee2c3-p_e.jpg,"$399,900"
31060663,House for sale,"2051 Wagners Hollow Rd, Fort Plain, NY 13339",3,1.0,42.958347,-74.611071,1928,SINGLE_FAMILY,Listing by: EULER RICHARD R,518-673-3677,https://www.zillow.com/homedetails/2051-Wagners-Hollow-Rd-Fort-Plain-NY-13339/31060663_zpid/,https://photos.zillowstatic.com/fp/cccb3166f2e81c90b263aac0f6f281e1-p_e.jpg,"$199,000"
2070934758,House for sale,"43 N Shore Rd, Phoenix, NY 13135",2,3.0,43.203077,-76.279651,1680,SINGLE_FAMILY,Listing by: Century 21 Tucci Realty,315-458-9000,https://www.zillow.com/homedetails/43-N-Shore-Rd-Phoenix-NY-13135/2070934758_zpid/,https://photos.zillowstatic.com/fp/12482ff1fa35af08d31f6984340db1af-p_e.jpg,"$220,000"
32911468,House for sale,"5757 Lincoln Rd, Ontario, NY 14519",3,2.0,43.208514,-77.346719,1720,SINGLE_FAMILY,Listing by: Howard Hanna,315-524-2331,https://www.zillow.com/homedetails/5757-Lincoln-Rd-Ontario-NY-14519/32911468_zpid/,https://photos.zillowstatic.com/fp/6b149c46f52e90cb69329cfb014757ac-p_e.jpg,"$219,900"
30816473,House for sale,"34 Murray St, Mount Morris, NY 14510",4,2.0,42.722866,-77.876058,2056,SINGLE_FAMILY,Listing by: RE/MAX Plus,585-279-8200,https://www.zillow.com/homedetails/34-Murray-St-Mount-Morris-NY-14510/30816473_zpid/,https://photos.zillowstatic.com/fp/f8a786aabe756299a7497a3e0e2a2b23-p_e.jpg,"$109,900"
208998247,House for sale,"19707 Minkler Rd, Adams Center, NY 13606",3,3.0,43.846787,-75.976607,1928,SINGLE_FAMILY,Listing by: Keller Williams Northern New York,315-459-6619,https://www.zillow.com/homedetails/19707-Minkler-Rd-Adams-Center-NY-13606/208998247_zpid/,https://photos.zillowstatic.com/fp/35d56a9c742a2950e6b2c726d96c333a-p_e.jpg,"$349,900"
53755242,House for sale,"802 Emery St, Fulton, NY 13069",5,3.0,43.324443,-76.404984,3158,SINGLE_FAMILY,Listing by: Century 21 Leah's Signature,315-598-1165,https://www.zillow.com/homedetails/802-Emery-St-Fulton-NY-13069/53755242_zpid/,https://photos.zillowstatic.com/fp/cfa65ad60b5beaddcedece21da39e324-p_e.jpg,"$139,900"
31899888,House for sale,"33 Webster Ave, Victor, NY 14564",4,3.0,42.98389,-77.408358,2722,SINGLE_FAMILY,Listing by: Howard Hanna,585-381-4400,https://www.zillow.com/homedetails/33-Webster-Ave-Victor-NY-14564/31899888_zpid/,https://photos.zillowstatic.com/fp/82d5c07c092b17662d05d515e3c8eda5-p_e.jpg,"$259,900"
30822805,House for sale,"2875 Main St, Piffard, NY 14533",3,1.0,42.861196,-77.887153,1104,SINGLE_FAMILY,"Listing by: eXp Realty, LLC",888-276-0630,https://www.zillow.com/homedetails/2875-Main-St-Piffard-NY-14533/30822805_zpid/,https://photos.zillowstatic.com/fp/9ac402478e12c87881f88c695724dfb7-p_e.jpg,"$139,900"
2071011997,House for sale,"174 Triphammer Rd, Greene, NY 13778",5,2.0,42.334062,-75.79853,1848,SINGLE_FAMILY,Listing by: D T Ogden Real Estate,N/A,https://www.zillow.com/homedetails/174-Triphammer-Rd-Greene-NY-13778/2071011997_zpid/,https://photos.zillowstatic.com/fp/f172d81e412f59576ea09f298d3bac7b-p_e.jpg,"$199,900"
30816777,House for sale,"90 Stanley St, Mount Morris, NY 14510",3,2.0,42.719779,-77.874176,1230,SINGLE_FAMILY,Listing by: RE/MAX Hometown Choice,585-335-8230,https://www.zillow.com/homedetails/90-Stanley-St-Mount-Morris-NY-14510/30816777_zpid/,https://photos.zillowstatic.com/fp/d0421ee790744639b4ae2a8de565a725-p_e.jpg,"$89,900"
32473963,House for sale,"1111 Baker Ave, Schenectady, NY 12309",3,2.0,42.808196,-73.904847,1960,SINGLE_FAMILY,"Listing by: Fortune Realty Group, LLC",518-858-2627,https://www.zillow.com/homedetails/1111-Baker-Ave-Schenectady-NY-12309/32473963_zpid/,https://photos.zillowstatic.com/fp/098a9003d3a446e64e7d905996893e9f-p_e.jpg,"$209,900"
30441697,House for sale,"1052 E Main St, Burke, NY 12917",4,2.0,44.904202,-74.167651,2135,SINGLE_FAMILY,Listing by: North Country Realty,518-483-0800,https://www.zillow.com/homedetails/1052-E-Main-St-Burke-NY-12917/30441697_zpid/,https://photos.zillowstatic.com/fp/02a964b445eb33fe34a26966becfa745-p_e.jpg,"$89,500"
71205143,House for sale,"1418 Honeysuckle Trl, Ontario, NY 14519",3,3.0,43.220138,-77.314089,1728,SINGLE_FAMILY,Listing by: Tru Agent Real Estate,585-362-6810,https://www.zillow.com/homedetails/1418-Honeysuckle-Trl-Ontario-NY-14519/71205143_zpid/,https://photos.zillowstatic.com/fp/cd5e5e184f610cda14b273ba20ebfc74-p_e.jpg,"$275,000"
32456427,House for sale,"10 Sage Rd, Waterford, NY 12188",3,2.0,42.815392,-73.697264,1584,SINGLE_FAMILY,Listing by: Century 21 Rural Estates,518-895-2902,https://www.zillow.com/homedetails/10-Sage-Rd-Waterford-NY-12188/32456427_zpid/,https://photos.zillowstatic.com/fp/470fddd94a8242d7ac405b26df0072f0-p_e.jpg,"$282,900"
31908687,House for sale,"227 Willow Dr, Mahopac, NY 10541",2,2.0,41.377499,-73.791707,2120,SINGLE_FAMILY,Listing by: RE/MAX Classic Realty,N/A,https://www.zillow.com/homedetails/227-Willow-Dr-Mahopac-NY-10541/31908687_zpid/,https://photos.zillowstatic.com/fp/3372b439a49236486574b7acaf7ee004-p_e.jpg,"$399,000"
2071175338,House for sale,"625 Route 32a, Palenville, NY 12463",4,2.0,42.170913,-74.01684,1800,SINGLE_FAMILY,Listing by: Grist Mill Real Estate,845-246-3200,https://www.zillow.com/homedetails/625-Route-32a-Palenville-NY-12463/2071175338_zpid/,https://photos.zillowstatic.com/fp/8e405daacbd1bd3611cd08be81e434f4-p_e.jpg,"$91,800"
53772193,House for sale,"5614 Norman Ave, Mexico, NY 13114",3,2.0,43.458346,-76.236415,1308,SINGLE_FAMILY,Listing by: Keller Williams Syracuse,315-701-6900,https://www.zillow.com/homedetails/5614-Norman-Ave-Mexico-NY-13114/53772193_zpid/,https://photos.zillowstatic.com/fp/c9d88fed3f3c44280ed871197a6118ca-p_e.jpg,"$109,900"
31647867,House for sale,"14 Orchard St, Holley, NY 14470",4,2.0,43.227391,-78.029973,1900,SINGLE_FAMILY,Listing by: Howard Hanna,585-223-9000,https://www.zillow.com/homedetails/14-Orchard-St-Holley-NY-14470/31647867_zpid/,https://photos.zillowstatic.com/fp/0ff2f6e5325c050b46a0a92c287ef63d-p_e.jpg,"$189,900"
31008130,House for sale,"2175 Nine Mile Point Rd, Fairport, NY 14450",3,2.0,43.126128,-77.441768,1568,SINGLE_FAMILY,"Listing by: Debbie Fisher Hometown Realty, LLC",315-548-9564,https://www.zillow.com/homedetails/2175-Nine-Mile-Point-Rd-Fairport-NY-14450/31008130_zpid/,https://photos.zillowstatic.com/fp/0b3e5e512c129bfb717e3d8b775d9a84-p_e.jpg,"$215,000"
30313240,House for sale,"4260 Fireside Dr, Williamsville, NY 14221",3,2.0,42.962921,-78.674782,2421,SINGLE_FAMILY,Listing by: Howard Hanna,716-634-4200,https://www.zillow.com/homedetails/4260-Fireside-Dr-Williamsville-NY-14221/30313240_zpid/,https://photos.zillowstatic.com/fp/23beecb3d465a67fc53ffbfed66e0855-p_e.jpg,"$299,900"
32546524,House for sale,"3264 State Highway 310, Norfolk, NY 13667",2,1.0,44.779144,-75.050781,956,SINGLE_FAMILY,"Listing by: Trego Realty Group, LLC",315-842-0266,https://www.zillow.com/homedetails/3264-State-Highway-310-Norfolk-NY-13667/32546524_zpid/,https://photos.zillowstatic.com/fp/c2baf56d57699d9e76a9e542198ef85d-p_e.jpg,"$90,000"
32441550,House for sale,"112 Saratoga Ave, Ballston Spa, NY 12020",4,2.0,43.010753,-73.845828,1544,SINGLE_FAMILY,Listing by: Keller Williams Capital Dist,518-724-5800,https://www.zillow.com/homedetails/112-Saratoga-Ave-Ballston-Spa-NY-12020/32441550_zpid/,https://photos.zillowstatic.com/fp/3849efdcb3b59a5531eb56b1d52908a2-p_e.jpg,"$240,000"
30142625,House for sale,"2519 South Ave, Wappingers Falls, NY 12590",3,2.0,41.589421,-73.92152,2017,SINGLE_FAMILY,Listing by: Houlihan Lawrence Inc. Lg,845-473-9770,https://www.zillow.com/homedetails/2519-South-Ave-Wappingers-Falls-NY-12590/30142625_zpid/,https://photos.zillowstatic.com/fp/9e4b93d0eb17d41fd1a0c41f32269dd3-p_e.jpg,"$319,900"
31891181,House for sale,"3283 Smith Rd, Canandaigua, NY 14424",3,2.0,42.870148,-77.229401,1460,SINGLE_FAMILY,Listing by: RE/MAX Plus,585-279-8200,https://www.zillow.com/homedetails/3283-Smith-Rd-Canandaigua-NY-14424/31891181_zpid/,https://photos.zillowstatic.com/fp/e707fed590a1656a056e4a9e9771bb9e-p_e.jpg,"$250,000"
66476891,House for sale,"207 Hunter Heights Rd, Northville, NY 12134",3,3.0,43.221778,-74.164985,1248,SINGLE_FAMILY,Listing by: Thomas J Real Estate Inc,518-863-4691,https://www.zillow.com/homedetails/207-Hunter-Heights-Rd-Northville-NY-12134/66476891_zpid/,https://photos.zillowstatic.com/fp/e9437617fbb7c855bd4aa6bd9d703392-p_e.jpg,"$399,000"
32869248,House for sale,"1243 Glasco Tpke, Saugerties, NY 12477",4,4.0,42.045587,-74.04157,2832,SINGLE_FAMILY,Listing by: Win Morrison Realty - W,845-679-9444,https://www.zillow.com/homedetails/1243-Glasco-Tpke-Saugerties-NY-12477/32869248_zpid/,https://photos.zillowstatic.com/fp/a4140780d84a02037201f35515e0727b-p_e.jpg,"$349,000"
30823179,House for sale,"2607 Genesee St, Piffard, NY 14533",4,2.0,42.831075,-77.891217,2456,SINGLE_FAMILY,Listing by: RE/MAX Plus,585-279-8200,https://www.zillow.com/homedetails/2607-Genesee-St-Piffard-NY-14533/30823179_zpid/,https://photos.zillowstatic.com/fp/78efb618ea51cf7bc8fe836e6fc131bc-p_e.jpg,"$184,900"
32922912,House for sale,"60 Valley Woods Rd, Bolton Landing, NY 12814",3,2.0,43.570091,-73.663204,1582,SINGLE_FAMILY,Listing by: Coldwell Banker Prime Prop.,N/A,https://www.zillow.com/homedetails/60-Valley-Woods-Rd-Bolton-Landing-NY-12814/32922912_zpid/,https://photos.zillowstatic.com/fp/42f6f388a5ba13013164827aa10a8e99-p_e.jpg,"$324,000"
30008435,House for sale,"554 Church Ave, Germantown, NY 12526",3,2.0,42.101933,-73.872237,1480,SINGLE_FAMILY,Listing by: Patricia A. Hinkein Realty Llc Ge,518-537-4888,https://www.zillow.com/homedetails/554-Church-Ave-Germantown-NY-12526/30008435_zpid/,https://photos.zillowstatic.com/fp/1cea2c793b05d1e7fbb1cff910caf4a5-p_e.jpg,"$695,000"
30799722,House for sale,"945 Swancott Mill Rd, Taberg, NY 13471",4,1.0,43.437432,-75.595576,2228,SINGLE_FAMILY,Listing by: R A Wilkes Real Estate LLC,315-245-2263,https://www.zillow.com/homedetails/945-Swancott-Mill-Rd-Taberg-NY-13471/30799722_zpid/,https://photos.zillowstatic.com/fp/8aadc4f3c6c95cec369b04a82cfd3848-p_e.jpg,"$104,900"
32421892,House for sale,"33 Pico Rd, Clifton Park, NY 12065",3,2.0,42.817693,-73.78638,1940,SINGLE_FAMILY,"Listing by: Miranda Real Estate Group, Inc",518-348-2060,https://www.zillow.com/homedetails/33-Pico-Rd-Clifton-Park-NY-12065/32421892_zpid/,https://photos.zillowstatic.com/fp/fcec4cfc7ee82e3fcf8f5703643b1d13-p_e.jpg,"$285,000"
32443863,House for sale,"60 Skylark Dr, Ballston Spa, NY 12020",3,2.0,43.038794,-73.856652,2174,SINGLE_FAMILY,Listing by: Red Door Realty NY Inc,518-899-9500,https://www.zillow.com/homedetails/60-Skylark-Dr-Ballston-Spa-NY-12020/32443863_zpid/,https://photos.zillowstatic.com/fp/dc79d1f93429a661c1274d828d6da5a3-p_e.jpg,"$285,000"
62619900,House for sale,"1360 Islip Ave, Brentwood, NY 11717",3,1.0,40.774264,-73.214495,,SINGLE_FAMILY,Listing by: Signature Premier Properties,N/A,https://www.zillow.com/homedetails/1360-Islip-Ave-Brentwood-NY-11717/62619900_zpid/,https://photos.zillowstatic.com/fp/46c17ec10aad601ec82cd31b1a426f0e-p_e.jpg,"$369,999"
30957516,House for sale,"641 Wiler Rd, Hilton, NY 14468",4,3.0,43.290934,-77.892719,1998,SINGLE_FAMILY,Listing by: Keller Williams Realty Greater Rochester,585-362-8900,https://www.zillow.com/homedetails/641-Wiler-Rd-Hilton-NY-14468/30957516_zpid/,https://photos.zillowstatic.com/fp/974efbb2a0f102b7d7f0185fab05c53d-p_e.jpg,"$220,000"
219613093,House for sale,"39 Westview Cres, Geneseo, NY 14454",4,3.0,42.804585,-77.808417,3104,SINGLE_FAMILY,Listing by: RE/MAX Plus,585-623-1400,https://www.zillow.com/homedetails/39-Westview-Cres-Geneseo-NY-14454/219613093_zpid/,https://photos.zillowstatic.com/fp/6dc958621b0dde5b52e44b4125900131-p_e.jpg,"$229,900"
31885975,House for sale,"1120 Squire Ln, Farmington, NY 14425",4,3.0,42.981305,-77.342735,2021,SINGLE_FAMILY,Listing by: Red Barn Properties,585-381-2222,https://www.zillow.com/homedetails/1120-Squire-Ln-Farmington-NY-14425/31885975_zpid/,https://photos.zillowstatic.com/fp/b79fbd2532eaa37534f9f951e705cc77-p_e.jpg,"$275,000"
31606330,House for sale,"9142 Owens Rd, Prospect, NY 13435",4,2.0,43.305338,-75.172167,1800,SINGLE_FAMILY,"Listing by: Hoke Properties, LLC",315-709-2821,https://www.zillow.com/homedetails/9142-Owens-Rd-Prospect-NY-13435/31606330_zpid/,https://photos.zillowstatic.com/fp/0e51cba247d140a7a8d3d3d4cca11e13-p_e.jpg,"$340,000"
30006406,House for sale,"53 Island Dr, Copake, NY 12516",3,2.0,42.117798,-73.554144,1750,SINGLE_FAMILY,Listing by: Columbia County RE Specialist,518-325-9784,https://www.zillow.com/homedetails/53-Island-Dr-Copake-NY-12516/30006406_zpid/,https://photos.zillowstatic.com/fp/76a2d9ef96f8bd345de4102c35d60621-p_e.jpg,"$529,000"
2110778163,House for sale,"4701 Cliffside Dr, Dundee, NY 14837",2,1.0,42.536734,-76.911107,650,SINGLE_FAMILY,Listing by: Howard Hanna Lake Group,315-536-2700,https://www.zillow.com/homedetails/4701-Cliffside-Dr-Dundee-NY-14837/2110778163_zpid/,https://photos.zillowstatic.com/fp/0989ede91a3a8ff9d3d4486764d56003-p_e.jpg,"$170,000"
29969608,House for sale,"113 Lincoln Rd, Horseheads, NY 14845",4,3.0,42.1679,-76.851985,2508,SINGLE_FAMILY,Listing by: Warren Real Estate - Watkins Glen,607-703-0111,https://www.zillow.com/homedetails/113-Lincoln-Rd-Horseheads-NY-14845/29969608_zpid/,https://photos.zillowstatic.com/fp/7831358cfb067b814839b2e1a73b28fb-p_e.jpg,"$224,900"
32776492,House for sale,"127 Fire House Rd, Wurtsboro, NY 12790",2,2.0,41.62569,-74.451255,1708,SINGLE_FAMILY,Listing by: Keller Williams Hudson Valley,N/A,https://www.zillow.com/homedetails/127-Fire-House-Rd-Wurtsboro-NY-12790/32776492_zpid/,https://photos.zillowstatic.com/fp/251f79d2713299ae266df4d14414b19d-p_e.jpg,"$195,000"
32444796,House for sale,"336 Northline Rd, Ballston Spa, NY 12020",3,2.0,43.025015,-73.854783,1200,SINGLE_FAMILY,"Listing by: Julie & Co Realty, LLC",518-350-7653,https://www.zillow.com/homedetails/336-Northline-Rd-Ballston-Spa-NY-12020/32444796_zpid/,https://photos.zillowstatic.com/fp/98f76f242ecbdfb34bb186c6c95310a4-p_e.jpg,"$259,900"
30927610,House for sale,"318 Frisbee Hill Rd, Hilton, NY 14468",3,2.0,43.288787,-77.743774,1772,SINGLE_FAMILY,Listing by: Keller Williams Realty Greater Rochester,585-362-8900,https://www.zillow.com/homedetails/318-Frisbee-Hill-Rd-Hilton-NY-14468/30927610_zpid/,https://photos.zillowstatic.com/fp/fb85cf13ca9379857e9c3a460a89016e-p_e.jpg,"$169,900"
32910154,House for sale,"5204 Arbor Rd, Ontario, NY 14519",3,1.0,43.190386,-77.251449,1173,SINGLE_FAMILY,Listing by: Coldwell Banker Custom Realty,585-671-1111,https://www.zillow.com/homedetails/5204-Arbor-Rd-Ontario-NY-14519/32910154_zpid/,https://photos.zillowstatic.com/fp/8633b2477021e9c882e60d5f59e2eae8-p_e.jpg,"$139,900"
31754836,House for sale,"8523 Woodbox Rd, Manlius, NY 13104",4,3.0,43.00337,-75.945773,2836,SINGLE_FAMILY,Listing by: Hunt Real Estate ERA,315-682-7197,https://www.zillow.com/homedetails/8523-Woodbox-Rd-Manlius-NY-13104/31754836_zpid/,https://photos.zillowstatic.com/fp/fcf495f9c473d0fa5c2527ec67099770-p_e.jpg,"$359,900"
30503420,House for sale,"53 Showers Rd, Tannersville, NY 12485",2,2.0,42.201734,-74.134998,1354,SINGLE_FAMILY,Listing by: Fran Clark's Unique Realty,518-263-5477,https://www.zillow.com/homedetails/53-Showers-Rd-Tannersville-NY-12485/30503420_zpid/,https://photos.zillowstatic.com/fp/fc508b0f9f07aebfb983e83e53ae2fbb-p_e.jpg,"$269,000"
2071953497,Multi-family home for sale,"115-38 142nd St, Jamaica, NY 11436",6,4.0,40.681237,-73.800595,,MULTI_FAMILY,Listing by: Charles Rutenberg Realty Inc,N/A,https://www.zillow.com/homedetails/115-38-142nd-St-Jamaica-NY-11436/2071953497_zpid/,https://photos.zillowstatic.com/fp/b04997826188f2e6bcf62b6023b8f501-p_e.jpg,"$489,000"
59450785,House for sale,"25 Wildwood Rd, Rocky Point, NY 11778",4,3.0,40.96488,-72.946974,2600,SINGLE_FAMILY,Listing by: Daniel Gale Real Estate,N/A,https://www.zillow.com/homedetails/25-Wildwood-Rd-Rocky-Point-NY-11778/59450785_zpid/,https://photos.zillowstatic.com/fp/ad8c8b010d350f479cd8be2f6b5d4613-p_e.jpg,"$489,000"
31019962,House for sale,"36 Bent Oak Trl, Fairport, NY 14450",4,3.0,43.06782,-77.410012,2080,SINGLE_FAMILY,Listing by: Howard Hanna,585-223-9000,https://www.zillow.com/homedetails/36-Bent-Oak-Trl-Fairport-NY-14450/31019962_zpid/,https://photos.zillowstatic.com/fp/b737cb41c8b58b1caea33e8a78e9cb10-p_e.jpg,"$289,900"
30116872,House for sale,"75 N Cross Rd, Lagrangeville, NY 12540",3,2.0,41.666207,-73.745032,1688,SINGLE_FAMILY,Listing by: Re/max Town & Country Fk,845-765-6128,https://www.zillow.com/homedetails/75-N-Cross-Rd-Lagrangeville-NY-12540/30116872_zpid/,https://photos.zillowstatic.com/fp/d0ad2a83efd697682cf5b233ddd0ff1d-p_e.jpg,"$280,000"
30494955,House for sale,"194 Main St, Catskill, NY 12414",3,2.0,42.214261,-73.861175,1600,SINGLE_FAMILY,Listing by: Century 21 New West,518-943-2620,https://www.zillow.com/homedetails/194-Main-St-Catskill-NY-12414/30494955_zpid/,https://photos.zillowstatic.com/fp/a1682148bce5f0cacbbfe3b9919eabf1-p_e.jpg,"$279,000"
55760585,House for sale,"1365 Lavalley Rd, Mooers, NY 12958",3,2.0,44.955104,-73.556965,1512,SINGLE_FAMILY,Listing by: RE/MAX North Country,518-563-1200,https://www.zillow.com/homedetails/1365-Lavalley-Rd-Mooers-NY-12958/55760585_zpid/,https://photos.zillowstatic.com/fp/845dd21ffbbef2bee333af076a5ac076-p_e.jpg,"$185,000"
30269397,House for sale,"117 King St, East Aurora, NY 14052",4,1.0,42.764727,-78.613313,1672,SINGLE_FAMILY,Listing by: Howard Hanna,716-634-4200,https://www.zillow.com/homedetails/117-King-St-East-Aurora-NY-14052/30269397_zpid/,https://photos.zillowstatic.com/fp/0d0c478646efac76edb0c4f4dc5c94bd-p_e.jpg,"$250,000"
31629826,House for sale,"12 West St, Schenevus, NY 12155",4,2.0,42.5493,-74.825001,1700,SINGLE_FAMILY,Listing by: Keller Williams Upstate NY Pro,N/A,https://www.zillow.com/homedetails/12-West-St-Schenevus-NY-12155/31629826_zpid/,https://photos.zillowstatic.com/fp/2fd07a1d432951af291906cd9f3c5ee4-p_e.jpg,"$139,000"
30413410,House for sale,"136 Laurelton Dr, West Seneca, NY 14224",3,2.0,42.818393,-78.7614,1524,SINGLE_FAMILY,Listing by: Gurney Becker & Bourne,716-849-1234,https://www.zillow.com/homedetails/136-Laurelton-Dr-West-Seneca-NY-14224/30413410_zpid/,https://photos.zillowstatic.com/fp/a338bede3ec9fe6fe30f9f5977c139e8-p_e.jpg,"$199,900"
2070788726,House for sale,"1343 Bragg Hollow Rd, Halcottsville, NY 12438",3,2.0,42.218014,-74.620079,2056,SINGLE_FAMILY,Listing by: Keller Williams Realty HV Nort,845-481-2700,https://www.zillow.com/homedetails/1343-Bragg-Hollow-Rd-Halcottsville-NY-12438/2070788726_zpid/,https://photos.zillowstatic.com/fp/9f3e8e2bb8cc5cd6962f4b6eb83e3548-p_e.jpg,"$499,000"
32505927,House for sale,"1046 Day Rd, Schenectady, NY 12303",2,1.0,42.766237,-73.922647,1160,SINGLE_FAMILY,"Listing by: Gabler Realty, LLC",518-935-4800,https://www.zillow.com/homedetails/1046-Day-Rd-Schenectady-NY-12303/32505927_zpid/,https://photos.zillowstatic.com/fp/eb02a4ec7cd81f0038de924071d0d667-p_e.jpg,"$150,000"
32520618,House for sale,"899 Potter Mountain Rd, Gilboa, NY 12076",4,2.0,42.401031,-74.308151,2248,SINGLE_FAMILY,Listing by: Windstar Realty Group LLC,N/A,https://www.zillow.com/homedetails/899-Potter-Mountain-Rd-Gilboa-NY-12076/32520618_zpid/,https://photos.zillowstatic.com/fp/91abd201c0a6ddfd0064ffbea0cb9c53-p_e.jpg,"$239,000"
31771615,House for sale,"102 Elbow Rd, North Syracuse, NY 13212",4,3.0,43.115394,-76.14634,2131,SINGLE_FAMILY,Listing by: Berkshire Hathaway CNY Realty,315-218-1480,https://www.zillow.com/homedetails/102-Elbow-Rd-North-Syracuse-NY-13212/31771615_zpid/,https://photos.zillowstatic.com/fp/7bb30905af16b387e1d8b09f47c7be87-p_e.jpg,"$169,900"
32910560,House for sale,"3706 S Main St, Marion, NY 14505",3,1.0,43.1397,-77.192127,1508,SINGLE_FAMILY,"Listing by: Doebler Realty, LLC",315-331-7070,https://www.zillow.com/homedetails/3706-S-Main-St-Marion-NY-14505/32910560_zpid/,https://photos.zillowstatic.com/fp/a780f1dfa051c0cd871f82a166e1b5b2-p_e.jpg,"$115,000"
29992940,House for sale,"295 Charles Kelley Rd, Oxford, NY 13830",4,2.0,42.44568,-75.545711,2592,SINGLE_FAMILY,Listing by: Coldwell Banker Timberland Pro,N/A,https://www.zillow.com/homedetails/295-Charles-Kelley-Rd-Oxford-NY-13830/29992940_zpid/,https://photos.zillowstatic.com/fp/ecfb48cd3f61357b9279fe5ca0ac01af-p_e.jpg,"$209,900"
53774440,House for sale,"268 Butterfly Shrs, Mexico, NY 13114",3,1.0,43.516005,-76.285713,1092,SINGLE_FAMILY,Listing by: GRG Gloria Realty Group,315-671-2341,https://www.zillow.com/homedetails/268-Butterfly-Shrs-Mexico-NY-13114/53774440_zpid/,https://photos.zillowstatic.com/fp/73088681a471e4a51d706760423c3409-p_e.jpg,"$179,900"
31002377,House for sale,"3 Wildflower Ln, Penfield, NY 14526",4,3.0,43.166831,-77.481729,2636,SINGLE_FAMILY,Listing by: Howard Hanna,585-671-5180,https://www.zillow.com/homedetails/3-Wildflower-Ln-Penfield-NY-14526/31002377_zpid/,https://photos.zillowstatic.com/fp/977e91d7a19266cc8da087e5041ea744-p_e.jpg,"$369,900"
30820177,House for sale,"5016 Blank Hill Rd, Dansville, NY 14437",5,2.0,42.503567,-77.759794,2790,SINGLE_FAMILY,Listing by: RE/MAX Plus,585-279-8200,https://www.zillow.com/homedetails/5016-Blank-Hill-Rd-Dansville-NY-14437/30820177_zpid/,https://photos.zillowstatic.com/fp/46b70d7f17a67a70b872f27c44c13981-p_e.jpg,"$169,900"
66508035,House for sale,"9 Orville Way, Cambridge, NY 12816",4,3.0,43.018704,-73.374344,1760,SINGLE_FAMILY,Listing by: Maple Leaf Realty,802-447-3210,https://www.zillow.com/homedetails/9-Orville-Way-Cambridge-NY-12816/66508035_zpid/,https://photos.zillowstatic.com/fp/c59af048e3cdd8e8ab3f01b1809f9737-p_e.jpg,"$325,000"
2088883315,House for sale,"59 County Route 25, Hudson, NY 12534",3,2.0,42.304698,-73.747311,1700,SINGLE_FAMILY,"Listing by: The Kinderhook Group, Inc.",518-751-4444,https://www.zillow.com/homedetails/59-County-Route-25-Hudson-NY-12534/2088883315_zpid/,https://photos.zillowstatic.com/fp/743067ef34a5503e426862c7d3f47cbb-p_e.jpg,"$329,900"
29710100,House for sale,"25 Chapman Dr, Albany, NY 12203",3,2.0,42.682045,-73.850512,1925,SINGLE_FAMILY,Listing by: Howard Hanna,518-438-4511,https://www.zillow.com/homedetails/25-Chapman-Dr-Albany-NY-12203/29710100_zpid/,https://photos.zillowstatic.com/fp/6348b4da56be67814d0c40b4c13398b5-p_e.jpg,"$254,900"
2070784030,House for sale,"5960 Vosburgh Rd, Earlville, NY 13332",3,2.0,42.743267,-75.602951,1280,SINGLE_FAMILY,Listing by: Howard Hanna,N/A,https://www.zillow.com/homedetails/5960-Vosburgh-Rd-Earlville-NY-13332/2070784030_zpid/,https://photos.zillowstatic.com/fp/fe53553b86eea20c7951855a88538949-p_e.jpg,"$279,900"
32967980,House for sale,"8 Schultz Ct, Peekskill, NY 10566",3,3.0,41.296867,-73.900052,2045,SINGLE_FAMILY,Listing by: Keller Williams Realty Partner,N/A,https://www.zillow.com/homedetails/8-Schultz-Ct-Peekskill-NY-10566/32967980_zpid/,https://photos.zillowstatic.com/fp/cd8a9819d0e2178a0466a2048b654cd2-p_e.jpg,"$495,000"
29709418,House for sale,"1833 Western Ave, Albany, NY 12203",4,2.0,42.69159,-73.869737,1200,SINGLE_FAMILY,Listing by: Keller Williams Capital Dist,518-724-5800,https://www.zillow.com/homedetails/1833-Western-Ave-Albany-NY-12203/29709418_zpid/,https://photos.zillowstatic.com/fp/18cb2026aa1e09070a04ca004b080ffe-p_e.jpg,"$239,900"
29767450,House for sale,"1708 Ayres Ct, Vestal, NY 13850",3,2.0,42.08831,-76.024611,1442,SINGLE_FAMILY,Listing by: HOWARD HANNA,607-772-1177,https://www.zillow.com/homedetails/1708-Ayres-Ct-Vestal-NY-13850/29767450_zpid/,https://photos.zillowstatic.com/fp/23985a3a8c19b464f264209068817389-p_e.jpg,"$169,900"
31843857,House for sale,"9 Arbor Dr, Newburgh, NY 12550",3,2.0,41.522892,-74.120554,1216,SINGLE_FAMILY,Listing by: RE/MAX Benchmark Realty Group,N/A,https://www.zillow.com/homedetails/9-Arbor-Dr-Newburgh-NY-12550/31843857_zpid/,https://photos.zillowstatic.com/fp/65bb8a212f1e178f37e39401e9c41a53-p_e.jpg,"$314,900"
31236558,House for sale,"1865 Oliver Ave, Valley Stream, NY 11580",3,4.0,40.681255,-73.718312,1640,SINGLE_FAMILY,Listing by: SOWAE CORP,646-443-6607,https://www.zillow.com/homedetails/1865-Oliver-Ave-Valley-Stream-NY-11580/31236558_zpid/,https://photos.zillowstatic.com/fp/edde86a3daa073d4797c93447c296100-p_e.jpg,"$330,000"
53170366,House for sale,"10685 Middle Rd, Dexter, NY 13634",3,2.0,43.98532,-76.158892,1323,SINGLE_FAMILY,Listing by: Keller Williams Northern New York,315-459-6619,https://www.zillow.com/homedetails/10685-Middle-Rd-Dexter-NY-13634/53170366_zpid/,https://photos.zillowstatic.com/fp/e6c0012fe7f3d75c456ea53c3715f302-p_e.jpg,"$199,900"
2078579838,Condo for sale,"303 E 57th St APT 45G, New York, NY 10022",4,4.0,40.759498,-73.964599,3300,CONDO,Listing by: Compass,917-567-5167,https://www.zillow.com/homedetails/303-E-57th-St-APT-45G-New-York-NY-10022/2078579838_zpid/,https://photos.zillowstatic.com/fp/2d71644ce3cc27f1b9f0fefa8bfee7b0-p_e.jpg,"$650,000"
237533206,House for sale,"317 Parma View Dr, Hilton, NY 14468",3,2.0,43.281154,-77.784571,1600,SINGLE_FAMILY,Listing by: Hunt Real Estate ERA/Columbus,585-352-7866,https://www.zillow.com/homedetails/317-Parma-View-Dr-Hilton-NY-14468/237533206_zpid/,https://photos.zillowstatic.com/fp/b255b71509461c247c89b248e3bce5b1-p_e.jpg,"$172,500"
32668955,Foreclosure,"20 Chestnut St, Islip, NY 11751",4,2.0,40.731325,-73.212177,,SINGLE_FAMILY,Listing by: Coldwell Banker American Homes,N/A,https://www.zillow.com/homedetails/20-Chestnut-St-Islip-NY-11751/32668955_zpid/,https://photos.zillowstatic.com/fp/6e6f1a6ea75d26620535e0cdb97ec983-p_e.jpg,"$299,900"
53776000,House for sale,"130 Lorton Lake Dr, Altmar, NY 13302",3,2.0,43.505205,-75.88876,1328,SINGLE_FAMILY,Listing by: Acropolis Realty Group LLC,315-396-0493,https://www.zillow.com/homedetails/130-Lorton-Lake-Dr-Altmar-NY-13302/53776000_zpid/,https://photos.zillowstatic.com/fp/1905ec00ab3f6a2e397e89c864d6670d-p_e.jpg,"$279,900"
31693136,House for sale,"114 Rowena Dr, Camillus, NY 13031",4,2.0,43.041732,-76.254851,1584,SINGLE_FAMILY,Listing by: Howard Hanna Real Estate,315-487-0040,https://www.zillow.com/homedetails/114-Rowena-Dr-Camillus-NY-13031/31693136_zpid/,https://photos.zillowstatic.com/fp/d198ed5c21bfc8269c281b8924429793-p_e.jpg,"$179,900"
60562246,House for sale,"216 Arlington St, Watertown, NY 13601",4,3.0,43.970119,-75.897418,2214,SINGLE_FAMILY,Listing by: NNY Homes Inc,315-782-4476,https://www.zillow.com/homedetails/216-Arlington-St-Watertown-NY-13601/60562246_zpid/,https://photos.zillowstatic.com/fp/6fbf81add51cc40505d668af33a46909-p_e.jpg,"$196,400"
30062347,House for sale,"1959 Palmer Hill Rd, Walton, NY 13856",2,1.0,42.263644,-75.131319,1000,SINGLE_FAMILY,Listing by: Howard Hanna,N/A,https://www.zillow.com/homedetails/1959-Palmer-Hill-Rd-Walton-NY-13856/30062347_zpid/,https://photos.zillowstatic.com/fp/fb1186d239a4bdc254eeedd683d1939c-p_e.jpg,"$124,900"
32376614,House for sale,"6 Carteret St, Staten Island, NY 10307",4,3.0,40.508013,-74.248627,1978,SINGLE_FAMILY,Listing by: Weichert Realtors Evolution Group,718-370-7653,https://www.zillow.com/homedetails/6-Carteret-St-Staten-Island-NY-10307/32376614_zpid/,https://photos.zillowstatic.com/fp/9ecaf34bff0e5ec6846fb93eb10c9c83-p_e.jpg,"$949,999"
32448998,House for sale,"1549 W River Rd, Gansevoort, NY 12831",3,1.0,43.228356,-73.589167,1188,SINGLE_FAMILY,Listing by: Cameron & Associates Real Esta,N/A,https://www.zillow.com/homedetails/1549-W-River-Rd-Gansevoort-NY-12831/32448998_zpid/,https://photos.zillowstatic.com/fp/53b13213581fb2bb6f58211e3c57d06d-p_e.jpg,"$169,900"
30510362,House for sale,"167 John Rust Rd, Indian Lake, NY 12842",5,2.0,43.786939,-74.302749,2590,SINGLE_FAMILY,"Listing by: Julie & Co Realty, LLC",518-350-7653,https://www.zillow.com/homedetails/167-John-Rust-Rd-Indian-Lake-NY-12842/30510362_zpid/,https://photos.zillowstatic.com/fp/da62e923f010c79c7db2d5bd3ab4cfbc-p_e.jpg,"$320,000"
53755859,House for sale,"214 Park St, Fulton, NY 13069",4,2.0,43.320305,-76.412001,1988,SINGLE_FAMILY,Listing by: Howard Hanna Real Estate,315-622-2111,https://www.zillow.com/homedetails/214-Park-St-Fulton-NY-13069/53755859_zpid/,https://photos.zillowstatic.com/fp/fccd39d70852c49c429413837f6dd8a6-p_e.jpg,"$105,000"
31016234,House for sale,"6 Hanford Way, Fairport, NY 14450",3,3.0,43.081574,-77.456121,1216,SINGLE_FAMILY,Listing by: Howard Hanna,585-223-9000,https://www.zillow.com/homedetails/6-Hanford-Way-Fairport-NY-14450/31016234_zpid/,https://photos.zillowstatic.com/fp/3f3bc5fe28d63a760289b30f5b890a1f-p_e.jpg,"$274,900"
32929019,House for sale,"142 Montray Rd, Queensbury, NY 12804",3,2.0,43.343126,-73.677921,1589,SINGLE_FAMILY,Listing by: Howard Hanna,N/A,https://www.zillow.com/homedetails/142-Montray-Rd-Queensbury-NY-12804/32929019_zpid/,https://photos.zillowstatic.com/fp/0cd423d771abab62f27ade1174f62756-p_e.jpg,"$259,000"
216216881,House for sale,"107 Prospect Pl, New Berlin, NY 13411",2,1.0,42.600325,-75.334248,1250,SINGLE_FAMILY,Listing by: Keller Williams Upstate NY Pro,N/A,https://www.zillow.com/homedetails/107-Prospect-Pl-New-Berlin-NY-13411/216216881_zpid/,https://photos.zillowstatic.com/fp/3fa41c714ac43e3d0f704f119c606813-p_e.jpg,"$98,500"
32790647,House for sale,"3801 Main St, Burdett, NY 14818",3,3.0,42.417536,-76.849911,2423,SINGLE_FAMILY,Listing by: Cabins to Castles,607-535-2586,https://www.zillow.com/homedetails/3801-Main-St-Burdett-NY-14818/32790647_zpid/,https://photos.zillowstatic.com/fp/ea8ec7e3c2b6b16d43caa849d7228896-p_e.jpg,"$199,500"
2071266954,Condo for sale,"35 Hudson Yards PENTHOUSE 90, New York, NY 10001",5,7.0,40.75475,-74.002281,10171,CONDO,Listing by: Corcoran,212-385-1515,https://www.zillow.com/homedetails/35-Hudson-Yards-PENTHOUSE-90-New-York-NY-10001/2071266954_zpid/,https://photos.zillowstatic.com/fp/9808ca2394d6890c04261e63529ab966-p_e.jpg,"$59,000,000"
31312858,House for sale,"30 Vandewater St, Farmingdale, NY 11735",4,2.0,40.7234,-73.44579,1235,SINGLE_FAMILY,Listing by: Douglas Elliman Real Estate,N/A,https://www.zillow.com/homedetails/30-Vandewater-St-Farmingdale-NY-11735/31312858_zpid/,https://photos.zillowstatic.com/fp/b1ae6e370177e49f807831cbf5649873-p_e.jpg,"$449,000"
31805503,House for sale,"86 Goosepond Mountain Rd, Chester, NY 10918",4,2.0,41.345599,-74.261515,1600,SINGLE_FAMILY,Listing by: MK Realty Inc,N/A,https://www.zillow.com/homedetails/86-Goosepond-Mountain-Rd-Chester-NY-10918/31805503_zpid/,https://photos.zillowstatic.com/fp/e22a454fba8a4303c29f94afdc846d1c-p_e.jpg,"$390,000"
30999906,House for sale,"1660 Plank Rd, Webster, NY 14580",2,1.0,43.181916,-77.395884,1231,SINGLE_FAMILY,Listing by: Keller Williams Realty Greater Rochester,585-362-8900,https://www.zillow.com/homedetails/1660-Plank-Rd-Webster-NY-14580/30999906_zpid/,https://photos.zillowstatic.com/fp/83c9d0ccca2ab4845c873d57c00300da-p_e.jpg,"$149,900"
31575860,House for sale,"914 Armory Dr, Utica, NY 13501",3,2.0,43.081507,-75.221723,1143,SINGLE_FAMILY,Listing by: HUNT REAL ESTATE ERA NH,315-801-9705,https://www.zillow.com/homedetails/914-Armory-Dr-Utica-NY-13501/31575860_zpid/,https://photos.zillowstatic.com/fp/3d8bebcad250d552e679f006c9239dcc-p_e.jpg,"$179,900"
63887002,House for sale,"11105 E Emery Rd, South Wales, NY 14139",7,3.0,42.70936,-78.575063,3114,SINGLE_FAMILY,Listing by: Howard Hanna,716-656-8999,https://www.zillow.com/homedetails/11105-E-Emery-Rd-South-Wales-NY-14139/63887002_zpid/,https://photos.zillowstatic.com/fp/f10f998be124e7a0f30d2973cf15a019-p_e.jpg,"$315,000"
30965295,House for sale,"16 Glen Acre Dr, Pittsford, NY 14534",4,3.0,43.065782,-77.579804,2389,SINGLE_FAMILY,Listing by: Howard Hanna,585-381-0502,https://www.zillow.com/homedetails/16-Glen-Acre-Dr-Pittsford-NY-14534/30965295_zpid/,https://photos.zillowstatic.com/fp/d89ca2f0ebdc5eea2885f07c25259f3a-p_e.jpg,"$276,900"
30139358,House for sale,"517 Primrose Hill Rd, Rhinebeck, NY 12572",3,3.0,41.887375,-73.875098,2380,SINGLE_FAMILY,Listing by: Paul Hallenbeck Real Estate Rh,845-876-1660,https://www.zillow.com/homedetails/517-Primrose-Hill-Rd-Rhinebeck-NY-12572/30139358_zpid/,https://photos.zillowstatic.com/fp/6f2d8d79da97be99f015bfbc5b20144c-p_e.jpg,"$395,000"
30532440,House for sale,"765 Newport Rd, Utica, NY 13502",3,1.0,43.130272,-75.127322,1216,SINGLE_FAMILY,Listing by: COLDWELL BANKER PRIME PROPERTIES,315-768-1680,https://www.zillow.com/homedetails/765-Newport-Rd-Utica-NY-13502/30532440_zpid/,https://photos.zillowstatic.com/fp/ffddee67544ca649f2a69daa3fe018ba-p_e.jpg,"$165,000"
30499440,House for sale,"8 Gray Vapor Ct, Athens, NY 12015",3,3.0,42.304835,-73.801013,960,SINGLE_FAMILY,Listing by: Coldwell Banker Village Green,845-679-2255,https://www.zillow.com/homedetails/8-Gray-Vapor-Ct-Athens-NY-12015/30499440_zpid/,https://photos.zillowstatic.com/fp/18416ac150662459331d8ff4766b6310-p_e.jpg,"$299,000"
2070794173,House for sale,"2742&2750 E Main St, Whitney Pt, NY 13862",3,3.0,42.3294,-75.964056,2562,SINGLE_FAMILY,Listing by: CENTURY 21/SBARRA,607-757-2100,https://www.zillow.com/homedetails/27422750-E-Main-St-Whitney-Pt-NY-13862/2070794173_zpid/,https://photos.zillowstatic.com/fp/d9426219031465bd0b19ff322e41f3c7-p_e.jpg,"$315,000"
30108979,House for sale,"22 Franklin Rd, Hyde Park, NY 12538",3,2.0,41.766762,-73.907061,1628,SINGLE_FAMILY,Listing by: Realty Executives Williams-sykes Re Wf,845-485-9960,https://www.zillow.com/homedetails/22-Franklin-Rd-Hyde-Park-NY-12538/30108979_zpid/,https://photos.zillowstatic.com/fp/5f72a4ede3f5f27f5b54b49f07152558-p_e.jpg,"$288,000"
32851677,House for sale,"28 Woodcrest Ln, Marlboro, NY 12547",12,5.0,41.63507,-73.960023,5468,SINGLE_FAMILY,Listing by: Re/max Town & Country Fk,845-765-6128,https://www.zillow.com/homedetails/28-Woodcrest-Ln-Marlboro-NY-12547/32851677_zpid/,https://photos.zillowstatic.com/fp/b321bfab543730e58fc1cbe850b0d6e5-p_e.jpg,"$400,000"
30348815,House for sale,"4285 Cherry Pl, Hamburg, NY 14075",3,1.0,42.728244,-78.822351,1209,SINGLE_FAMILY,Listing by: Howard Hanna,716-656-8999,https://www.zillow.com/homedetails/4285-Cherry-Pl-Hamburg-NY-14075/30348815_zpid/,https://photos.zillowstatic.com/fp/136bca5146edd9b5e77dd71ed8442206-p_e.jpg,"$189,900"
30479847,House for sale,"16 Emily Ct, Bergen, NY 14416",5,2.0,43.082939,-77.950646,1864,SINGLE_FAMILY,Listing by: Empire Realty Group,585-502-5250,https://www.zillow.com/homedetails/16-Emily-Ct-Bergen-NY-14416/30479847_zpid/,https://photos.zillowstatic.com/fp/72fbc093a231f5a1ba5c42cbc3b9f4ca-p_e.jpg,"$169,900"
31305428,House for sale,"345 Pennsylvania Ave, Massapequa Park, NY 11762",4,2.0,40.681384,-73.443301,1333,SINGLE_FAMILY,Listing by: EXIT Realty Premier,N/A,https://www.zillow.com/homedetails/345-Pennsylvania-Ave-Massapequa-Park-NY-11762/31305428_zpid/,https://photos.zillowstatic.com/fp/ee9fd0a6483facd218c94b3b424392f0-p_e.jpg,"$579,000"
31373660,House for sale,"266 Pennsylvania Ave, Freeport, NY 11520",5,3.0,40.665571,-73.596026,2200,SINGLE_FAMILY,Listing by: Signature Premier Properties,N/A,https://www.zillow.com/homedetails/266-Pennsylvania-Ave-Freeport-NY-11520/31373660_zpid/,https://photos.zillowstatic.com/fp/853d4ba274b52974cd2441baa6267ddb-p_e.jpg,"$650,000"
31713137,House for sale,"4215 Regulus Crse, Liverpool, NY 13090",4,3.0,43.156025,-76.221937,1940,SINGLE_FAMILY,Listing by: eXp Realty,888-276-0630,https://www.zillow.com/homedetails/4215-Regulus-Crse-Liverpool-NY-13090/31713137_zpid/,https://photos.zillowstatic.com/fp/7121c075bf0cb5273e282a1563dacd9d-p_e.jpg,"$200,000"
2070924026,House for sale,"317 Columbia St, Ithaca, NY 14850",3,2.0,42.435766,-76.490962,1632,SINGLE_FAMILY,Listing by: Linz Real Estate,607-227-7456,https://www.zillow.com/homedetails/317-Columbia-St-Ithaca-NY-14850/2070924026_zpid/,https://photos.zillowstatic.com/fp/01fda5cec860ca6f94461bb55c9df37d-p_e.jpg,"$285,000"
30836489,House for sale,"3017 Seneca Tpke, Canastota, NY 13032",4,2.0,43.067258,-75.776855,1440,SINGLE_FAMILY,Listing by: Chapin Real Estate,315-366-4136,https://www.zillow.com/homedetails/3017-Seneca-Tpke-Canastota-NY-13032/30836489_zpid/,https://photos.zillowstatic.com/fp/801da64db1b5056040d09f10a4848f25-p_e.jpg,"$144,900"
30802726,House for sale,"6611 Depot St, Castorland, NY 13620",4,2.0,43.881549,-75.426196,1582,SINGLE_FAMILY,Listing by: Personalized Real Estate Solutions,315-777-8995,https://www.zillow.com/homedetails/6611-Depot-St-Castorland-NY-13620/30802726_zpid/,https://photos.zillowstatic.com/fp/11e189547f2515e634d01b9744845d44-p_e.jpg,"$163,900"
188369775,House for sale,"5112 Shiraz Ln, Fayetteville, NY 13066",4,3.0,43.020122,-75.982806,2248,SINGLE_FAMILY,Listing by: RE/MAX Masters,315-449-9944,https://www.zillow.com/homedetails/5112-Shiraz-Ln-Fayetteville-NY-13066/188369775_zpid/,https://photos.zillowstatic.com/fp/26611b0b487362ee06ad2d14b7620eb4-p_e.jpg,"$269,900"
